,Chelator,FRS,Sequence,Source
0,0,0,AVRGLL,-
1,0,0,LG,-
2,0,0,DGYFD,-
3,0,0,NNEYKT,-
4,0,0,VIRP,-
5,0,0,EIE,-
6,0,0,GAL,-
7,0,0,KHNHRD,-
8,0,0,AIA,-
9,0,0,VDV,-
10,0,0,EACHK,-
11,0,0,PALDSAKSERYPDR,-
12,0,0,FR,-
13,0,0,FNEG,-
14,0,0,LGHAEAV,-
15,0,0,YDKGQ,-
16,0,0,TTLVGS,-
17,0,0,HDT,-
18,0,0,LLHARSKNAY,-
19,0,0,TSYGPC,-
20,0,0,VIQG,-
21,0,0,VRK,-
22,0,0,YKQ,-
23,0,0,PRNRY,-
24,0,0,ERR,-
25,0,0,LQG,-
26,0,0,KDVNA,-
27,0,0,AKNLK,-
28,0,0,KCAQL,-
29,0,0,TKTGAFN,-
30,0,0,RPHT,-
31,0,0,FAINVWGRAT,-
32,0,0,KGV,-
33,0,0,KVE,-
34,0,0,EGK,-
35,0,0,SRQDRGLE,-
36,0,0,KDE,-
37,0,0,LACQE,-
38,0,0,LLQL,-
39,0,0,DTSLKLR,-
40,0,0,LIEGFDRD,-
41,0,0,ETL,-
42,0,0,LFRECG,-
43,0,0,YKR,-
44,0,0,TFNKPFLSY,-
45,0,0,SSL,-
46,0,0,LAV,-
47,0,0,WNN,-
48,0,0,FAS,-
49,0,0,VAEAEDLM,-
50,0,0,EVF,-
51,0,0,ELI,-
52,0,0,LTVNVNILGKAK,-
53,0,0,QAWVMDQTFVVPKDDWVIG,-
54,0,0,GKA,-
55,0,0,YTEYFVGV,-
56,0,0,CIE,-
57,0,0,GDHYK,-
58,0,0,LGGTQSGSDT,-
59,0,0,ENGE,-
60,0,0,FDGA,-
61,0,0,LYI,-
62,0,0,KGA,-
63,0,0,DSD,-
64,0,0,ELE,-
65,0,0,PLD,-
66,0,0,DLEWTQ,-
67,0,0,KQS,-
68,0,0,LNT,-
69,0,0,GRRID,-
70,0,0,SGL,-
71,0,0,EPP,-
72,0,0,DIYLRILQS,-
73,0,0,DGGLLM,-
74,0,0,EPRGVYKGA,-
75,0,0,RQQ,-
76,0,0,DRQKT,-
77,0,0,SQGL,-
78,0,0,KKS,-
79,0,0,CI,-
80,0,0,VTL,-
81,0,0,KAFT,-
82,0,0,ETIL,-
83,0,0,NTS,-
84,0,0,LFN,-
85,0,0,KMGNPNVTDVSYEVYGP,-
86,0,0,NIR,-
87,0,0,GHTV,-
88,0,0,HILGILSVLRDVNLLW,-
89,0,0,MQDI,-
90,0,0,SAKQ,-
91,0,0,NVATNPPC,-
92,0,0,YDT,-
93,0,0,IYR,-
94,0,0,AFSELFA,-
95,0,0,HQEIRL,-
96,0,0,LLSN,-
97,0,0,EHRF,-
98,0,0,YVEGM,-
99,0,0,VVQ,-
100,0,0,DEI,-
101,0,0,RLL,-
102,0,0,LEG,-
103,0,0,AFA,-
104,0,0,YNQAEMGTG,-
105,0,0,FHR,-
106,0,0,ATD,-
107,0,0,LCDILY,-
108,0,0,NKVGCP,-
109,0,0,ETS,-
110,0,0,EYSIV,-
111,0,0,YIG,-
112,0,0,RPE,-
113,0,0,PCAAL,-
114,0,0,PRR,-
115,0,0,ATN,-
116,0,0,AMSRDIQLEDI,-
117,0,0,KIRDGVHAMTY,-
118,0,0,GAPK,-
119,0,0,ARTQ,-
120,0,0,VD,-
121,0,0,LLYCYRAELLEKASQNA,-
122,0,0,QNVF,-
123,0,0,VPYRIAP,-
124,0,0,SQIG,-
125,0,0,RAFSLEYSY,-
126,0,0,VQKD,-
127,0,0,GIGKIL,-
128,0,0,ELTDK,-
129,0,0,MASM,-
130,0,0,GRMCRQY,-
131,0,0,LAGVWHD,-
132,0,0,KNIP,-
133,0,0,RLV,-
134,0,0,LF,-
135,0,0,DALK,-
136,0,0,ESARGDQF,-
137,0,0,LAGLD,-
138,0,0,DYHPGTE,-
139,0,0,YNLDNFLA,-
140,0,0,YCGAS,-
141,0,0,VEKNNSF,-
142,0,0,VGIER,-
143,0,0,DF,-
144,0,0,QQNMLA,-
145,0,0,TSM,-
146,0,0,FFD,-
147,0,0,ADY,-
148,0,0,TRFGYMNN,-
149,0,0,NE,-
150,0,0,YDLEMI,-
151,0,0,IDTQGK,-
152,0,0,DIP,-
153,0,0,VRVQD,-
154,0,0,IMNKRAV,-
155,0,0,PEAKIQL,-
156,0,0,IWRAREA,-
157,0,0,DAV,-
158,0,0,LIRIRIGT,-
159,0,0,LFD,-
160,0,0,SGRDRLCK,-
161,0,0,MIYTVV,-
162,0,0,NSTTQ,-
163,0,0,SLT,-
164,0,0,EGQSEMGKNS,-
165,0,0,EELNEFKTYKIKVIK,-
166,0,0,AGHEGFSS,-
167,0,0,KWQ,-
168,0,0,SSQFELRFVN,-
169,0,0,GES,-
170,0,0,GEFKKKQ,-
171,0,0,THL,-
172,0,0,SP,-
173,0,0,VHR,-
174,0,0,FSGLPE,-
175,0,0,DRE,-
176,0,0,ATDVNIC,-
177,0,0,EHNY,-
178,0,0,IHEP,-
179,0,0,QII,-
180,0,0,LQD,-
181,0,0,SLDI,-
182,0,0,VVHNPPILF,-
183,0,0,GAFRLWD,-
184,0,0,VSA,-
185,0,0,NCKIMTEG,-
186,0,0,NIAQ,-
187,0,0,RIR,-
188,0,0,LFRHGTYRRTFLPGGEEETED,-
189,0,0,SIV,-
190,0,0,PKLGT,-
191,0,0,NVS,-
192,0,0,FLVNDCI,-
193,0,0,NKTPW,-
194,0,0,CTFPMNPDTERV,-
195,0,0,MKRRPA,-
196,0,0,IDPQVSMEILAIRAIN,-
197,0,0,VNALS,-
198,0,0,ADA,-
199,0,0,YTIMGQFSPLAKML,-
200,0,0,MLEDVEEP,-
201,0,0,RETSSFLD,-
202,0,0,NEAGNIPTIGWQNL,-
203,0,0,LEWVFSLIIDR,-
204,0,0,RKATRV,-
205,0,0,ESE,-
206,0,0,SVLGD,-
207,0,0,FE,-
208,0,0,VNFF,-
209,0,0,GGIMEQDTIS,-
210,0,0,WQDEKVNPAFAA,-
211,0,0,LRKIGVQYRG,-
212,0,0,EMLIRIL,-
213,0,0,ELAKLQDKA,-
214,0,0,SELMVSEPI,-
215,0,0,VGS,-
216,0,0,FATNL,-
217,0,0,KAG,-
218,0,0,AARIRLS,-
219,0,0,KIPL,-
220,0,0,PLCSDS,-
221,0,0,GFK,-
222,0,0,YLVC,-
223,0,0,VRSDF,-
224,0,0,VQI,-
225,0,0,SDIGV,-
226,0,0,ERERAGKKKDITLA,-
227,0,0,DAADVNICNYPMYVDA,-
228,0,0,TGCI,-
229,0,0,IK,-
230,0,0,RPLRSYA,-
231,0,0,RMSPSG,-
232,0,0,LLIQ,-
233,0,0,EEVNSPNIEGEPILILAAKGELLFC,-
234,0,0,CQG,-
235,0,0,IGSLL,-
236,0,0,IEL,-
237,0,0,KVEHDL,-
238,0,0,TVFALRRG,-
239,0,0,NGIL,-
240,0,0,AIALAAAKL,-
241,0,0,MEKI,-
242,0,0,TFWT,-
243,0,0,QCIRITRLII,-
244,0,0,RPPE,-
245,0,0,ASEED,-
246,0,0,SQKQNGLMFEVE,-
247,0,0,LYQADCRV,-
248,0,0,YPFAKGQLSQ,-
249,0,0,RG,-
250,0,0,QEV,-
251,0,0,VKLSVSELVV,-
252,0,0,ELIEFQFLAE,-
253,0,0,FPAHST,-
254,0,0,MLLG,-
255,0,0,KIK,-
256,0,0,PGA,-
257,0,0,TPCKL,-
258,0,0,LTTESK,-
259,0,0,GFCLF,-
260,0,0,PYS,-
261,0,0,HNQRKRGS,-
262,0,0,GFSSMG,-
263,0,0,TNQ,-
264,0,0,NST,-
265,0,0,TED,-
266,0,0,LN,-
267,0,0,RDA,-
268,0,0,KNRATLSPDDQLLFLNP,-
269,0,0,IIKLYIST,-
270,0,0,GIAPSG,-
271,0,0,ICEEKI,-
272,0,0,KRLANHKK,-
273,0,0,GRSW,-
274,0,0,ALKFA,-
275,0,0,GVKLART,-
276,0,0,KEGVPGINA,-
277,0,0,NALIAR,-
278,0,0,EKGA,-
279,0,0,ALDSDQYY,-
280,0,0,KVPDKMK,-
281,0,0,AGPC,-
282,0,0,KAAI,-
283,0,0,QSHEAFVMAESNTAF,-
284,0,0,AQELAVK,-
285,0,0,EPTTGGLDIRG,-
286,0,0,MNINK,-
287,0,0,PEPGFVDPPRSMEVLRK,-
288,0,0,GK,-
289,0,0,LCSLGGAK,-
290,0,0,EHVNNDI,-
291,0,0,KLLQQ,-
292,0,0,LLFS,-
293,0,0,DLD,-
294,0,0,NGEW,-
295,0,0,MVNGTS,-
296,0,0,PAHHAEMI,-
297,0,0,LE,-
298,0,0,SFLYARVNEPLMLIS,-
299,0,0,GVFCKAY,-
300,0,0,CMF,-
301,0,0,IPVDSRPLTTL,-
302,0,0,RSADERENPT,-
303,0,0,AGLVVHLVGIKEALN,-
304,0,0,LLAGKPSYLPAL,-
305,0,0,LNPREA,-
306,0,0,YAASKYREQ,-
307,0,0,YRGRIIIRA,-
308,0,0,RSLQCWR,-
309,0,0,LVLTLPPRFG,-
310,0,0,TGQSSN,-
311,0,0,NILAQANYTNG,-
312,0,0,QSLIT,-
313,0,0,DRMVKGL,-
314,0,0,ER,-
315,0,0,ALHLIA,-
316,0,0,NVRVSTPA,-
317,0,0,KH,-
318,0,0,GFFQ,-
319,0,0,TF,-
320,0,0,SA,-
321,0,0,YLLNT,-
322,0,0,IAQ,-
323,0,0,VPRDEAP,-
324,0,0,ANGVTRSIFAKRF,-
325,0,0,DQEGN,-
326,0,0,GL,-
327,0,0,LDQ,-
328,0,0,FHRAVQECTV,-
329,0,0,LRQSLLRTMP,-
330,0,0,MA,-
331,0,0,GRIPGDKGGIFT,-
332,0,0,YHLGKAFQRKADEA,-
333,0,0,DTPRF,-
334,0,0,DALE,-
335,0,0,IRVRLEPFWLR,-
336,0,0,KPLSYEH,-
337,0,0,QAN,-
338,0,0,GDLP,-
339,0,0,GTLIGSKDVVF,-
340,0,0,DNDTQDPLALK,-
341,0,0,CVIV,-
342,0,0,KMHFPQPQHL,-
343,0,0,WDGQGP,-
344,0,0,EPFAILM,-
345,0,0,FDPVQI,-
346,0,0,DSWLNLG,-
347,0,0,SY,-
348,0,0,CT,-
349,0,0,GIDNEPLT,-
350,0,0,AQSD,-
351,0,0,LPVVYYES,-
352,0,0,AC,-
353,0,0,RADPNFT,-
354,0,0,KRKQ,-
355,0,0,EAIHP,-
356,0,0,RKQPVNTASFQPLKAGKC,-
357,0,0,RFLK,-
358,0,0,KLHHG,-
359,0,0,KAA,-
360,0,0,AFGSK,-
361,0,0,DDD,-
362,0,0,PEKNTY,-
363,0,0,PGHQKPPEG,-
364,0,0,FQ,-
365,0,0,QPKRKKIESQGVH,-
366,0,0,AGSKSTCRATAIPEPGSVEYLRE,-
367,0,0,KASDPE,-
368,0,0,NEEM,-
369,0,0,LDTTLIESSVGTCYR,-
370,0,0,FLFRLDTR,-
371,0,0,LFAKQLPEIN,-
372,0,0,SVVTLR,-
373,0,0,SHSKAWVFAA,-
374,0,0,PRLRR,-
375,0,0,GLY,-
376,0,0,LLVELVLGVVMGCQ,-
377,0,0,VI,-
378,0,0,SIH,-
379,0,0,AAV,-
380,0,0,GDFQADGLRVKASVFR,-
381,0,0,SIKGR,-
382,0,0,RLSS,-
383,0,0,YTQL,-
384,0,0,IKTTLGRDG,-
385,0,0,DDGKNWGG,-
386,0,0,AILY,-
387,0,0,DSSVKG,-
388,0,0,ENLYKLMREQKF,-
389,0,0,ARHDRPR,-
390,0,0,RPVVVRKEA,-
391,0,0,HTVLK,-
392,0,0,TPIKGVNSS,-
393,0,0,LPGHS,-
394,0,0,KRAGAA,-
395,0,0,TILNAGR,-
396,0,0,LNGP,-
397,0,0,VMTSFSCDC,-
398,0,0,VDSNI,-
399,0,0,INATALAVP,-
400,0,0,DPIG,-
401,0,0,EVEQRS,-
402,0,0,RVLE,-
403,0,0,LDFRSAAMAL,-
404,0,0,PTFFVV,-
405,0,0,KGK,-
406,0,0,EERHQADTQVGEVLY,-
407,0,0,DKHMRLLG,-
408,0,0,GHG,-
409,0,0,KLLVVYQNV,-
410,0,0,GFSF,-
411,0,0,SPEAPQKECFY,-
412,0,0,RKTELYRFGVLAVGASS,-
413,0,0,LGYVLS,-
414,0,0,LAFK,-
415,0,0,RNKA,-
416,0,0,KAAGPTE,-
417,0,0,RVSDRGP,-
418,0,0,ISSRVDVRTA,-
419,0,0,EGPAS,-
420,0,0,YLSRIMLTLE,-
421,0,0,LKQT,-
422,0,0,GFAEVLYEPVILIHIWLSVNVN,-
423,0,0,SDQEGPVPERKG,-
424,0,0,PEVVK,-
425,0,0,LIRVTNTKLLINVGSSEKEDLPRIED,-
426,0,0,TQSDLWFS,-
427,0,0,LGFL,-
428,0,0,MR,-
429,0,0,IM,-
430,0,0,LSDQRYAS,-
431,0,0,HEEQS,-
432,0,0,RLKKE,-
433,0,0,DMDAANTAGEKNPNTQ,-
434,0,0,SIEDPREMADLVRDALVIIVS,-
435,0,0,KIRVGKVFQILHSF,-
436,0,0,KRLLLVEVGM,-
437,0,0,REIPLADP,-
438,0,0,YDPAKV,-
439,0,0,IYYCTDAI,-
440,0,0,YWRLTTKKP,-
441,0,0,VRDQGIMERTGAD,-
442,0,0,PH,-
443,0,0,MLEPC,-
444,0,0,WTDVAKDASSL,-
445,0,0,YKTAELIPNR,-
446,0,0,SRYN,-
447,0,0,ESGV,-
448,0,0,KSIGE,-
449,0,0,RHII,-
450,0,0,MDYDH,-
451,0,0,RGITK,-
452,0,0,TKAVF,-
453,0,0,MVKAA,-
454,0,0,VLVES,-
455,0,0,EDVQ,-
456,0,0,PRKAVKKPENNLGL,-
457,0,0,NTVEKIEIRKNIPFDGAK,-
458,0,0,GIAEETELDLISKA,-
459,0,0,YRYTK,-
460,0,0,SRIRIFHW,-
461,0,0,VPGLS,-
462,0,0,KPADLMSPVI,-
463,0,0,PRMGSVFNSA,-
464,0,0,NLGESFRARE,-
465,0,0,VNSEEKIYLG,-
466,0,0,ASRGAEVTDLRDE,-
467,0,0,ACMVNKDG,-
468,0,0,KLSDAKTDQL,-
469,0,0,GGGRW,-
470,0,0,ILILHIQLQVP,-
471,0,0,LNHDEDNVSYLYKLNA,-
472,0,0,QDIATAPEDKLGAASVSKHIALLRI,-
473,0,0,RYASKVQLLLYDNVRVSTPANIQAWVMDQT,-
474,0,0,CLEVRVV,-
475,0,0,SEIITTEME,-
476,0,0,NFD,-
477,0,0,ARKEKYSKTSYEEFV,-
478,0,0,QGMLELYLNNSG,-
479,0,0,KDLVLI,-
480,0,0,GQGLTLAVAIAAYFKMKIFGTL,-
481,0,0,WKELTW,-
482,0,0,AE,-
483,0,0,AF,-
484,0,0,CTWHYVP,-
485,0,0,TQDYLL,-
486,0,0,RR,-
487,0,0,DRKPAI,-
488,0,0,YADTAG,-
489,0,0,QVGYYH,-
490,0,0,KGLNREMEENRNSCVGGGQQSAQDAGSNPQ,-
491,0,0,SDDE,-
492,0,0,FKACRS,-
493,0,0,YGDQR,-
494,0,0,FDGSGYRFCAPDKYAVQQYKE,-
495,0,0,KDERMSRT,-
496,0,0,FMGHIASRT,-
497,0,0,RSVNYGLQD,-
498,0,0,IRLCGGNKSL,-
499,0,0,LAREPEVRSKRKLL,-
